n_features,threshold,backup_fpr,fn_count,bf_queries,system_fpr,system_fnr,model_total_latency_ns,model_avg_latency_ns,model_throughput_qps,bf_avg_latency_ns,bf_total_latency_ns,bf_throughput_qps,vec_total_latency_ns,vec_avg_latency_ns,vec_throughput_qps,total_system_latency_ns,total_system_avg_latency_ns,total_system_throughput_qps,bf_bits_mb,total_memory_mb
1024,0.500000,0.010000,50837,63155,0.193139,0.000000,35964100.000000,99.914155,10008591.901368,135.731138,8572100.000000,7367506.212013,2781102900.000000,7726.358939,129427.070102,2825639100.000000,7850.087790,127387.110406,0.058090,0.065903
1024,0.500000,0.050000,50837,63155,0.228171,0.000000,35964100.000000,99.914155,10008591.901368,120.262845,7595200.000000,8315120.075837,2781102900.000000,7726.358939,129427.070102,2824662200.000000,7847.373802,127431.166814,0.037788,0.045601
1024,0.500000,0.100000,50837,63155,0.267962,0.000000,35964100.000000,99.914155,10008591.901368,107.677935,6800400.000000,9286953.708605,2781102900.000000,7726.358939,129427.070102,2823867400.000000,7845.165717,127467.033332,0.029045,0.036858
1024,0.500000,0.200000,50837,63155,0.356864,0.000000,35964100.000000,99.914155,10008591.901368,107.956615,6818000.000000,9262980.346143,2781102900.000000,7726.358939,129427.070102,2823885000.000000,7845.214613,127466.238887,0.020302,0.028114
1024,0.500000,0.001000,50837,63155,0.186463,0.000000,35964100.000000,99.914155,10008591.901368,157.656559,9956800.000000,6342901.333762,2781102900.000000,7726.358939,129427.070102,2827023800.000000,7853.934713,127324.715130,0.087135,0.094948
1024,0.600000,0.010000,71955,85016,0.144755,0.000000,35964100.000000,99.914155,10008591.901368,135.488614,11518700.000000,7380694.001927,2781102900.000000,7726.358939,129427.070102,2828585700.000000,7858.273927,127254.408449,0.082222,0.090034
1024,0.600000,0.050000,71955,85016,0.181638,0.000000,35964100.000000,99.914155,10008591.901368,116.766256,9927000.000000,8564118.061852,2781102900.000000,7726.358939,129427.070102,2826994000.000000,7853.851924,127326.057289,0.053490,0.061302
1024,0.600000,0.100000,71955,85016,0.221561,0.000000,35964100.000000,99.914155,10008591.901368,106.290581,9036400.000000,9408171.395689,2781102900.000000,7726.358939,129427.070102,2826103400.000000,7851.377691,127366.182002,0.041115,0.048927
1024,0.600000,0.200000,71955,85016,0.316809,0.000000,35964100.000000,99.914155,10008591.901368,96.218359,8180100.000000,10393026.980110,2781102900.000000,7726.358939,129427.070102,2825247100.000000,7848.998750,127404.785231,0.028740,0.036552
1024,0.600000,0.001000,71955,85016,0.137418,0.000000,35964100.000000,99.914155,10008591.901368,161.573116,13736300.000000,6189148.460648,2781102900.000000,7726.358939,129427.070102,2830803300.000000,7864.434783,127154.719651,0.123329,0.131142
1024,0.700000,0.010000,100340,114066,0.101329,0.000000,35964100.000000,99.914155,10008591.901368,133.536724,15232000.000000,7488576.680672,2781102900.000000,7726.358939,129427.070102,2832299000.000000,7868.590082,127087.570910,0.114655,0.122467
1024,0.700000,0.050000,100340,114066,0.140062,0.000000,35964100.000000,99.914155,10008591.901368,116.787649,13321500.000000,8562549.262470,2781102900.000000,7726.358939,129427.070102,2830388500.000000,7863.282400,127173.354471,0.074585,0.082397
1024,0.700000,0.100000,100340,114066,0.187917,0.000000,35964100.000000,99.914155,10008591.901368,115.213122,13141900.000000,8679566.881501,2781102900.000000,7726.358939,129427.070102,2830208900.000000,7862.783442,127181.424664,0.057327,0.065140
1024,0.700000,0.200000,100340,114066,0.275167,0.000000,35964100.000000,99.914155,10008591.901368,101.640278,11593700.000000,9838619.250110,2781102900.000000,7726.358939,129427.070102,2828660700.000000,7858.482289,127251.034385,0.040070,0.047882
1024,0.700000,0.001000,100340,114066,0.093992,0.000000,35964100.000000,99.914155,10008591.901368,165.866253,18919700.000000,6028953.947473,2781102900.000000,7726.358939,129427.070102,2835986700.000000,7878.835116,126922.315961,0.171982,0.179794
1024,0.800000,0.010000,140652,154958,0.065305,0.000000,35964100.000000,99.914155,10008591.901368,138.840202,21514400.000000,7202524.820585,2781102900.000000,7726.358939,129427.070102,2838581400.000000,7886.043617,126806.298386,0.160713,0.168526
1024,0.800000,0.050000,140652,154958,0.101923,0.000000,35964100.000000,99.914155,10008591.901368,131.842177,20430000.000000,7584826.235928,2781102900.000000,7726.358939,129427.070102,2837497000.000000,7883.030977,126854.759670,0.104553,0.112366
1024,0.800000,0.100000,140652,154958,0.153017,0.000000,35964100.000000,99.914155,10008591.901368,110.753236,17162100.000000,9029081.522657,2781102900.000000,7726.358939,129427.070102,2834229100.000000,7873.952216,127001.024723,0.080360,0.088173
1024,0.800000,0.200000,140652,154958,0.246679,0.000000,35964100.000000,99.914155,10008591.901368,104.588985,16206900.000000,9561236.263567,2781102900.000000,7726.358939,129427.070102,2833273900.000000,7871.298514,127043.841402,0.056168,0.063980
1024,0.800000,0.001000,140652,154958,0.055787,0.000000,35964100.000000,99.914155,10008591.901368,182.863744,28336200.000000,5468552.593502,2781102900.000000,7726.358939,129427.070102,2845403200.000000,7904.995694,126502.282699,0.241074,0.248886
1024,0.900000,0.010000,205034,219867,0.030141,0.000000,35964100.000000,99.914155,10008591.901368,144.123493,31688000.000000,6938494.067155,2781102900.000000,7726.358939,129427.070102,2848755000.000000,7914.307543,126353.442118,0.234283,0.242096
1024,0.900000,0.050000,205034,219867,0.069866,0.000000,35964100.000000,99.914155,10008591.901368,119.921589,26366800.000000,8338782.104768,2781102900.000000,7726.358939,129427.070102,2843433800.000000,7899.524378,126589.899860,0.152405,0.160217
1024,0.900000,0.100000,205034,219867,0.118514,0.000000,35964100.000000,99.914155,10008591.901368,109.055020,23977600.000000,9169683.371146,2781102900.000000,7726.358939,129427.070102,2841044600.000000,7892.886790,126696.356685,0.117142,0.124954
1024,0.900000,0.200000,205034,219867,0.220834,0.000000,35964100.000000,99.914155,10008591.901368,155.675931,34228000.000000,6423600.560944,2781102900.000000,7726.358939,129427.070102,2851295000.000000,7921.364078,126240.883528,0.081879,0.089691
1024,0.900000,0.001000,205034,219867,0.020424,0.000000,35964100.000000,99.914155,10008591.901368,170.584945,37506000.000000,5862182.050872,2781102900.000000,7726.358939,129427.070102,2854573000.000000,7930.470899,126095.916973,0.351418,0.359230
1024,0.950000,0.010000,260339,275356,0.017780,0.000000,35964100.000000,99.914155,10008591.901368,140.436381,38670000.000000,7120662.011896,2781102900.000000,7726.358939,129427.070102,2855737000.000000,7933.704681,126044.520206,0.297478,0.305290
1024,0.950000,0.050000,260339,275356,0.055655,0.000000,35964100.000000,99.914155,10008591.901368,119.410509,32880400.000000,8374472.330020,2781102900.000000,7726.358939,129427.070102,2849947400.000000,7917.620225,126300.576635,0.193512,0.201324
1024,0.950000,0.100000,260339,275356,0.111376,0.000000,35964100.000000,99.914155,10008591.901368,107.191418,29515800.000000,9329105.089477,2781102900.000000,7726.358939,129427.070102,2846582800.000000,7908.272816,126449.861216,0.148743,0.156555
1024,0.950000,0.200000,260339,275356,0.212638,0.000000,35964100.000000,99.914155,10008591.901368,96.815759,26658800.000000,10328897.024622,2781102900.000000,7726.358939,129427.070102,2843725800.000000,7900.335602,126576.901331,0.103966,0.111778
1024,0.950000,0.001000,260339,275356,0.008262,0.000000,35964100.000000,99.914155,10008591.901368,177.615160,48907400.000000,5630150.038644,2781102900.000000,7726.358939,129427.070102,2865974400.000000,7962.145854,125594.283047,0.446213,0.454025
1024,0.990000,0.010000,326244,341367,0.011105,0.000000,35964100.000000,99.914155,10008591.901368,148.906602,50831800.000000,6715618.962933,2781102900.000000,7726.358939,129427.070102,2867898800.000000,7967.492152,125510.007536,0.372780,0.380592
1024,0.990000,0.050000,326244,341367,0.048120,0.000000,35964100.000000,99.914155,10008591.901368,130.018426,44384000.000000,7691217.555876,2781102900.000000,7726.358939,129427.070102,2861451000.000000,7949.579108,125792.823291,0.242500,0.250313
1024,0.990000,0.100000,326244,341367,0.101990,0.000000,35964100.000000,99.914155,10008591.901368,108.697384,37105700.000000,9199853.391797,2781102900.000000,7726.358939,129427.070102,2854172700.000000,7929.358800,126113.602026,0.186394,0.194206
1024,0.990000,0.200000,326244,341367,0.213431,0.000000,35964100.000000,99.914155,10008591.901368,96.747782,33026500.000000,10336154.300335,2781102900.000000,7726.358939,129427.070102,2850093500.000000,7918.026115,126294.102281,0.130280,0.138092
1024,0.990000,0.001000,326244,341367,0.001983,0.000000,35964100.000000,99.914155,10008591.901368,310.104374,105859400.000000,3224720.714457,2781102900.000000,7726.358939,129427.070102,2922926400.000000,8120.367829,123147.130903,0.559166,0.566978
2048,0.500000,0.010000,40937,53768,0.160883,0.000000,35232500.000000,97.881650,10216419.499042,133.359991,7170500.000000,7498500.801897,2721570100.000000,7560.967079,132258.213742,2763973100.000000,7678.769551,130229.197961,0.046776,0.062401
2048,0.500000,0.050000,40937,53768,0.195386,0.000000,35232500.000000,97.881650,10216419.499042,113.909760,6124700.000000,8778878.965500,2721570100.000000,7560.967079,132258.213742,2762927300.000000,7675.864148,130278.491222,0.030434,0.046059
2048,0.500000,0.100000,40937,53768,0.236103,0.000000,35232500.000000,97.881650,10216419.499042,103.961464,5589800.000000,9618948.799599,2721570100.000000,7560.967079,132258.213742,2762392400.000000,7674.378108,130303.717893,0.023392,0.039017
2048,0.500000,0.200000,40937,53768,0.325402,0.000000,35232500.000000,97.881650,10216419.499042,96.429103,5184800.000000,10370313.223268,2721570100.000000,7560.967079,132258.213742,2761987400.000000,7673.252952,130322.824789,0.016350,0.031975
2048,0.500000,0.001000,40937,53768,0.152555,0.000000,35232500.000000,97.881650,10216419.499042,152.776745,8214500.000000,6545498.813074,2721570100.000000,7560.967079,132258.213742,2765017100.000000,7681.669954,130180.026735,0.070168,0.085793
2048,0.600000,0.010000,57373,70802,0.121819,0.000000,35232500.000000,97.881650,10216419.499042,134.780091,9542700.000000,7419493.434772,2721570100.000000,7560.967079,132258.213742,2766345300.000000,7685.359911,130117.523651,0.065559,0.081184
2048,0.600000,0.050000,57373,70802,0.159297,0.000000,35232500.000000,97.881650,10216419.499042,115.567357,8182400.000000,8652962.456003,2721570100.000000,7560.967079,132258.213742,2764985000.000000,7681.580775,130181.538055,0.042648,0.058273
2048,0.600000,0.100000,57373,70802,0.204376,0.000000,35232500.000000,97.881650,10216419.499042,110.951668,7855600.000000,9012933.448750,2721570100.000000,7560.967079,132258.213742,2764658200.000000,7680.672871,130196.926333,0.032784,0.048409
2048,0.600000,0.200000,57373,70802,0.296847,0.000000,35232500.000000,97.881650,10216419.499042,103.369961,7318800.000000,9673990.271629,2721570100.000000,7560.967079,132258.213742,2764121400.000000,7679.181553,130222.210935,0.022911,0.038536
2048,0.600000,0.001000,57373,70802,0.113557,0.000000,35232500.000000,97.881650,10216419.499042,169.827124,12024100.000000,5888340.915328,2721570100.000000,7560.967079,132258.213742,2768826700.000000,7692.253646,130000.913383,0.098335,0.113960
2048,0.700000,0.010000,80441,94396,0.086787,0.000000,35232500.000000,97.881650,10216419.499042,136.719776,12905800.000000,7314230.810953,2721570100.000000,7560.967079,132258.213742,2769708400.000000,7694.703153,129959.529314,0.091919,0.107544
2048,0.700000,0.050000,80441,94396,0.123538,0.000000,35232500.000000,97.881650,10216419.499042,119.607822,11290500.000000,8360657.189673,2721570100.000000,7560.967079,132258.213742,2768093100.000000,7690.215585,130035.366224,0.059792,0.075417
2048,0.700000,0.100000,80441,94396,0.172054,0.000000,35232500.000000,97.881650,10216419.499042,109.165643,10304800.000000,9160391.273969,2721570100.000000,7560.967079,132258.213742,2767107400.000000,7687.477150,130081.687469,0.045959,0.061584
2048,0.700000,0.200000,80441,94396,0.268160,0.000000,35232500.000000,97.881650,10216419.499042,97.564515,9209700.000000,10249628.109493,2721570100.000000,7560.967079,132258.213742,2766012300.000000,7684.434783,130133.188489,0.032127,0.047752
2048,0.700000,0.001000,80441,94396,0.078525,0.000000,35232500.000000,97.881650,10216419.499042,160.336243,15135100.000000,6236893.049930,2721570100.000000,7560.967079,132258.213742,2771937700.000000,7700.896513,129855.010811,0.137878,0.153503
2048,0.800000,0.010000,113297,127756,0.052945,0.000000,35232500.000000,97.881650,10216419.499042,135.023013,17250000.000000,7406144.927536,2721570100.000000,7560.967079,132258.213742,2774052600.000000,7706.772052,129756.011115,0.129463,0.145088
2048,0.800000,0.050000,113297,127756,0.090621,0.000000,35232500.000000,97.881650,10216419.499042,116.182410,14843000.000000,8607154.887826,2721570100.000000,7560.967079,132258.213742,2771645600.000000,7700.085012,129868.696056,0.084221,0.099846
2048,0.800000,0.100000,113297,127756,0.142243,0.000000,35232500.000000,97.881650,10216419.499042,106.895175,13656500.000000,9354959.176949,2721570100.000000,7560.967079,132258.213742,2770459100.000000,7696.788721,129924.314710,0.064735,0.080360
2048,0.800000,0.200000,113297,127756,0.237028,0.000000,35232500.000000,97.881650,10216419.499042,101.401891,12954700.000000,9861749.017731,2721570100.000000,7560.967079,132258.213742,2769757300.000000,7694.839005,129957.234881,0.045250,0.060875
2048,0.800000,0.001000,113297,127756,0.045079,0.000000,35232500.000000,97.881650,10216419.499042,165.149973,21098900.000000,6055102.398703,2721570100.000000,7560.967079,132258.213742,2777901500.000000,7717.464926,129576.228675,0.194191,0.209816
2048,0.900000,0.010000,166287,181148,0.027299,0.000000,35232500.000000,97.881650,10216419.499042,138.151125,25025800.000000,7238449.919683,2721570100.000000,7560.967079,132258.213742,2781828400.000000,7728.374496,129393.315562,0.190010,0.205635
2048,0.900000,0.050000,166287,181148,0.067222,0.000000,35232500.000000,97.881650,10216419.499042,116.190629,21047700.000000,8606546.083420,2721570100.000000,7560.967079,132258.213742,2777850300.000000,7717.322684,129578.616961,0.123604,0.139229
2048,0.900000,0.100000,166287,181148,0.119704,0.000000,35232500.000000,97.881650,10216419.499042,105.778700,19161600.000000,9453699.064796,2721570100.000000,7560.967079,132258.213742,2775964200.000000,7712.082789,129666.657805,0.095009,0.110634
2048,0.900000,0.200000,166287,181148,0.221165,0.000000,35232500.000000,97.881650,10216419.499042,95.190121,17243500.000000,10505291.849103,2721570100.000000,7560.967079,132258.213742,2774046100.000000,7706.753994,129756.315153,0.066406,0.082031
2048,0.900000,0.001000,166287,181148,0.018970,0.000000,35232500.000000,97.881650,10216419.499042,166.998808,30251500.000000,5988066.707436,2721570100.000000,7560.967079,132258.213742,2787054100.000000,7742.892346,129150.704323,0.285011,0.300636
2048,0.950000,0.010000,215037,230068,0.015665,0.000000,35232500.000000,97.881650,10216419.499042,138.940226,31965700.000000,7197339.648436,2721570100.000000,7560.967079,132258.213742,2788768300.000000,7747.654674,129071.317972,0.245712,0.261337
2048,0.950000,0.050000,215037,230068,0.056911,0.000000,35232500.000000,97.881650,10216419.499042,116.426882,26786100.000000,8589081.650558,2721570100.000000,7560.967079,132258.213742,2783588700.000000,7733.264898,129311.489158,0.159843,0.175468
2048,0.950000,0.100000,215037,230068,0.107145,0.000000,35232500.000000,97.881650,10216419.499042,116.079159,26706100.000000,8614810.848458,2721570100.000000,7560.967079,132258.213742,2783508700.000000,7733.042645,129315.205661,0.122856,0.138481
2048,0.950000,0.200000,215037,230068,0.215678,0.000000,35232500.000000,97.881650,10216419.499042,98.730810,22714800.000000,10128550.548541,2721570100.000000,7560.967079,132258.213742,2779517400.000000,7721.954160,129500.898249,0.085876,0.101501
2048,0.950000,0.001000,215037,230068,0.007601,0.000000,35232500.000000,97.881650,10216419.499042,170.888607,39316000.000000,5851765.184658,2721570100.000000,7560.967079,132258.213742,2796118600.000000,7768.075010,128732.021596,0.368568,0.384193
2048,0.990000,0.010000,301303,316420,0.010642,0.000000,35232500.000000,97.881650,10216419.499042,140.697807,44519600.000000,7107431.333615,2721570100.000000,7560.967079,132258.213742,2801322200.000000,7782.531463,128492.895248,0.344284,0.359909
2048,0.990000,0.050000,301303,316420,0.050763,0.000000,35232500.000000,97.881650,10216419.499042,124.129006,39276900.000000,8056134.776421,2721570100.000000,7560.967079,132258.213742,2796079500.000000,7767.966384,128733.821767,0.223961,0.239586
2048,0.990000,0.100000,301303,316420,0.103576,0.000000,35232500.000000,97.881650,10216419.499042,107.219834,33926500.000000,9326632.573357,2721570100.000000,7560.967079,132258.213742,2790729100.000000,7753.102098,128980.630904,0.172142,0.187767
2048,0.990000,0.200000,301303,316420,0.215018,0.000000,35232500.000000,97.881650,10216419.499042,97.428102,30828200.000000,10263979.084085,2721570100.000000,7560.967079,132258.213742,2787630800.000000,7744.494513,129123.985859,0.120323,0.135948
2048,0.990000,0.001000,301303,316420,0.001917,0.000000,35232500.000000,97.881650,10216419.499042,172.844637,54691500.000000,5785542.543174,2721570100.000000,7560.967079,132258.213742,2811494100.000000,7810.790665,128028.011867,0.516418,0.532043
4096,0.500000,0.010000,31585,44817,0.133386,0.000000,33786900.000000,93.865537,10653537.317718,127.121405,5697200.000000,7866495.822509,2686585600.000000,7463.774413,133980.469485,2726069700.000000,7573.467704,132039.910792,0.036095,0.067345
4096,0.500000,0.050000,31585,44817,0.168484,0.000000,33786900.000000,93.865537,10653537.317718,114.614990,5136700.000000,8724862.265657,2686585600.000000,7463.774413,133980.469485,2725509200.000000,7571.910543,132067.064753,0.023483,0.054733
4096,0.500000,0.100000,31585,44817,0.210589,0.000000,33786900.000000,93.865537,10653537.317718,103.549992,4640800.000000,9657171.177383,2686585600.000000,7463.774413,133980.469485,2725013300.000000,7570.532852,132091.098418,0.018051,0.049301
4096,0.500000,0.200000,31585,44817,0.303060,0.000000,33786900.000000,93.865537,10653537.317718,94.999665,4257600.000000,10526352.874859,2686585600.000000,7463.774413,133980.469485,2724630100.000000,7569.468259,132109.676099,0.012619,0.043869
4096,0.500000,0.001000,31585,44817,0.126380,0.000000,33786900.000000,93.865537,10653537.317718,146.993328,6587800.000000,6803029.843043,2686585600.000000,7463.774413,133980.469485,2726960300.000000,7575.941936,131996.787779,0.054138,0.085388
4096,0.600000,0.010000,45582,59329,0.099941,0.000000,33786900.000000,93.865537,10653537.317718,128.443089,7620400.000000,7785549.314997,2686585600.000000,7463.774413,133980.469485,2727992900.000000,7578.810668,131946.824348,0.052086,0.083336
4096,0.600000,0.050000,45582,59329,0.136228,0.000000,33786900.000000,93.865537,10653537.317718,112.284043,6661700.000000,8905984.958794,2686585600.000000,7463.774413,133980.469485,2727034200.000000,7576.147243,131993.210793,0.033882,0.065132
4096,0.600000,0.100000,45582,59329,0.182233,0.000000,33786900.000000,93.865537,10653537.317718,101.816987,6040700.000000,9821543.860811,2686585600.000000,7463.774413,133980.469485,2726413200.000000,7574.422003,132023.275122,0.026047,0.057297
4096,0.600000,0.200000,45582,59329,0.283429,0.000000,33786900.000000,93.865537,10653537.317718,93.991134,5576400.000000,10639301.341367,2686585600.000000,7463.774413,133980.469485,2725948900.000000,7573.132102,132045.762120,0.018204,0.049454
4096,0.600000,0.001000,45582,59329,0.092009,0.000000,33786900.000000,93.865537,10653537.317718,151.413305,8983200.000000,6604439.397987,2686585600.000000,7463.774413,133980.469485,2729355700.000000,7582.596750,131880.941718,0.078125,0.109375
4096,0.700000,0.010000,65013,79202,0.071320,0.000000,33786900.000000,93.865537,10653537.317718,170.817656,13529100.000000,5854195.770598,2686585600.000000,7463.774413,133980.469485,2733901600.000000,7595.226004,131661.651612,0.074287,0.105537
4096,0.700000,0.050000,65013,79202,0.112565,0.000000,33786900.000000,93.865537,10653537.317718,117.358148,9295000.000000,8520925.228618,2686585600.000000,7463.774413,133980.469485,2729667500.000000,7583.462981,131865.877437,0.048325,0.079575
4096,0.700000,0.100000,65013,79202,0.159429,0.000000,33786900.000000,93.865537,10653537.317718,130.543421,10339300.000000,7660286.479742,2686585600.000000,7463.774413,133980.469485,2730711800.000000,7586.364217,131815.448265,0.037148,0.068398
4096,0.700000,0.200000,65013,79202,0.262013,0.000000,33786900.000000,93.865537,10653537.317718,100.595945,7967400.000000,9940758.591259,2686585600.000000,7463.774413,133980.469485,2728339900.000000,7579.774691,131930.042881,0.025963,0.057213
4096,0.700000,0.001000,65013,79202,0.063190,0.000000,33786900.000000,93.865537,10653537.317718,160.492159,12711300.000000,6230833.982362,2686585600.000000,7463.774413,133980.469485,2733083800.000000,7592.954021,131701.047732,0.111435,0.142685
4096,0.800000,0.010000,92709,107299,0.046004,0.000000,33786900.000000,93.865537,10653537.317718,130.736540,14027900.000000,7648970.979263,2686585600.000000,7463.774413,133980.469485,2734400400.000000,7596.611752,131637.634342,0.105934,0.137184
4096,0.800000,0.050000,92709,107299,0.085597,0.000000,33786900.000000,93.865537,10653537.317718,127.773791,13710000.000000,7826331.145150,2686585600.000000,7463.774413,133980.469485,2734082500.000000,7595.728573,131652.940246,0.068916,0.100166
4096,0.800000,0.100000,92709,107299,0.134642,0.000000,33786900.000000,93.865537,10653537.317718,109.330003,11731000.000000,9146620.066490,2686585600.000000,7463.774413,133980.469485,2732103500.000000,7590.230588,131748.303093,0.052971,0.084221
4096,0.800000,0.200000,92709,107299,0.237623,0.000000,33786900.000000,93.865537,10653537.317718,105.032666,11269900.000000,9520847.567414,2686585600.000000,7463.774413,133980.469485,2731642400.000000,7588.949576,131770.542147,0.037025,0.068275
4096,0.800000,0.001000,92709,107299,0.036618,0.000000,33786900.000000,93.865537,10653537.317718,165.407879,17748100.000000,6045661.225709,2686585600.000000,7463.774413,133980.469485,2738120600.000000,7606.947076,131458.782349,0.158905,0.190155
4096,0.900000,0.010000,138501,153392,0.024522,0.000000,33786900.000000,93.865537,10653537.317718,138.399004,21229300.000000,7225485.531789,2686585600.000000,7463.774413,133980.469485,2741601800.000000,7616.618419,131291.860109,0.158257,0.189507
4096,0.900000,0.050000,138501,153392,0.064512,0.000000,33786900.000000,93.865537,10653537.317718,117.114973,17964500.000000,8538617.829608,2686585600.000000,7463.774413,133980.469485,2738337000.000000,7607.548271,131448.393678,0.102951,0.134201
4096,0.900000,0.100000,138501,153392,0.111442,0.000000,33786900.000000,93.865537,10653537.317718,112.726218,17291300.000000,8871050.759631,2686585600.000000,7463.774413,133980.469485,2737663800.000000,7605.678011,131480.717245,0.079132,0.110382
4096,0.900000,0.200000,138501,153392,0.217067,0.000000,33786900.000000,93.865537,10653537.317718,96.619772,14820700.000000,10349848.522674,2686585600.000000,7463.774413,133980.469485,2735193200.000000,7598.814280,131599.478969,0.055313,0.086563
4096,0.900000,0.001000,138501,153392,0.016789,0.000000,33786900.000000,93.865537,10653537.317718,164.552258,25241000.000000,6077096.786974,2686585600.000000,7463.774413,133980.469485,2745613500.000000,7627.763578,131100.025550,0.237389,0.268639
4096,0.950000,0.010000,182725,197751,0.016326,0.000000,33786900.000000,93.865537,10653537.317718,138.214219,27332000.000000,7235145.616859,2686585600.000000,7463.774413,133980.469485,2747704500.000000,7633.572718,131000.258579,0.208794,0.240044
4096,0.950000,0.050000,182725,197751,0.057902,0.000000,33786900.000000,93.865537,10653537.317718,118.261349,23386300.000000,8455848.081997,2686585600.000000,7463.774413,133980.469485,2743758800.000000,7622.610918,131188.645299,0.135826,0.167076
4096,0.950000,0.100000,182725,197751,0.113028,0.000000,33786900.000000,93.865537,10653537.317718,121.226188,23972600.000000,8249042.657033,2686585600.000000,7463.774413,133980.469485,2744345100.000000,7624.239756,131160.618247,0.104401,0.135651
4096,0.950000,0.200000,182725,197751,0.211514,0.000000,33786900.000000,93.865537,10653537.317718,96.594707,19101700.000000,10352534.067648,2686585600.000000,7463.774413,133980.469485,2739474200.000000,7610.707598,131393.827326,0.072975,0.104225
4096,0.950000,0.001000,182725,197751,0.007800,0.000000,33786900.000000,93.865537,10653537.317718,176.738424,34950200.000000,5658079.209847,2686585600.000000,7463.774413,133980.469485,2755322700.000000,7654.737325,130638.055571,0.313187,0.344437
4096,0.990000,0.010000,274893,290012,0.010047,0.000000,33786900.000000,93.865537,10653537.317718,139.390784,40425000.000000,7174075.448361,2686585600.000000,7463.774413,133980.469485,2760797500.000000,7669.947215,130378.993751,0.314102,0.345352
4096,0.990000,0.050000,274893,290012,0.052746,0.000000,33786900.000000,93.865537,10653537.317718,120.751555,35019400.000000,8281466.844092,2686585600.000000,7463.774413,133980.469485,2755391900.000000,7654.929574,130634.774676,0.204330,0.235580
4096,0.990000,0.100000,274893,290012,0.102518,0.000000,33786900.000000,93.865537,10653537.317718,110.433361,32027000.000000,9055234.645768,2686585600.000000,7463.774413,133980.469485,2752399500.000000,7646.616197,130776.800388,0.157051,0.188301
4096,0.990000,0.200000,274893,290012,0.206821,0.000000,33786900.000000,93.865537,10653537.317718,95.991200,27838600.000000,10417621.575798,2686585600.000000,7463.774413,133980.469485,2748211100.000000,7634.980136,130976.110241,0.109779,0.141029
4096,0.990000,0.001000,274893,290012,0.001785,0.000000,33786900.000000,93.865537,10653537.317718,171.444285,49720900.000000,5832798.682244,2686585600.000000,7463.774413,133980.469485,2770093400.000000,7695.772746,129941.466956,0.471153,0.502403
16384,0.500000,0.010000,17344,31070,0.100734,0.000000,34073000.000000,94.660369,10564082.998268,124.287094,3861600.000000,8045887.714937,2751527200.000000,7644.192805,130818.259765,2789461800.000000,7749.581331,129039.229001,0.019821,0.144821
16384,0.500000,0.050000,17344,31070,0.141582,0.000000,34073000.000000,94.660369,10564082.998268,112.883811,3507300.000000,8858666.210475,2751527200.000000,7644.192805,130818.259765,2789107500.000000,7748.597027,129055.620839,0.012894,0.137894
16384,0.500000,0.100000,17344,31070,0.186860,0.000000,34073000.000000,94.660369,10564082.998268,103.794657,3224900.000000,9634407.268442,2751527200.000000,7644.192805,130818.259765,2788825100.000000,7747.812474,129068.689177,0.009911,0.134911
16384,0.500000,0.200000,17344,31070,0.273779,0.000000,34073000.000000,94.660369,10564082.998268,94.937238,2949700.000000,10533274.570295,2751527200.000000,7644.192805,130818.259765,2788549900.000000,7747.047923,129081.426874,0.006927,0.131927
16384,0.500000,0.001000,17344,31070,0.093595,0.000000,34073000.000000,94.660369,10564082.998268,183.550048,5702900.000000,5448105.349910,2751527200.000000,7644.192805,130818.259765,2791303100.000000,7754.696763,128954.107492,0.029732,0.154732
16384,0.600000,0.010000,27203,41303,0.077467,0.000000,34073000.000000,94.660369,10564082.998268,127.564584,5268800.000000,7839166.413605,2751527200.000000,7644.192805,130818.259765,2790869000.000000,7753.490763,128974.165394,0.031090,0.156090
16384,0.600000,0.050000,27203,41303,0.116135,0.000000,34073000.000000,94.660369,10564082.998268,112.231557,4635500.000000,8910149.929889,2751527200.000000,7644.192805,130818.259765,2790235700.000000,7751.731352,129003.438670,0.020226,0.145226
16384,0.600000,0.100000,27203,41303,0.162602,0.000000,34073000.000000,94.660369,10564082.998268,106.413578,4395200.000000,9397297.051329,2751527200.000000,7644.192805,130818.259765,2789995400.000000,7751.063759,129014.549630,0.015549,0.140549
16384,0.600000,0.200000,27203,41303,0.259171,0.000000,34073000.000000,94.660369,10564082.998268,98.264049,4058600.000000,10176661.903119,2751527200.000000,7644.192805,130818.259765,2789658800.000000,7750.128629,129030.116515,0.010864,0.135864
16384,0.600000,0.001000,27203,41303,0.068874,0.000000,34073000.000000,94.660369,10564082.998268,149.558143,6177200.000000,6686362.753351,2751527200.000000,7644.192805,130818.259765,2791777400.000000,7756.014446,128932.199251,0.046631,0.171631
16384,0.700000,0.010000,42933,57398,0.053407,0.000000,34073000.000000,94.660369,10564082.998268,129.304157,7421800.000000,7733703.414266,2751527200.000000,7644.192805,130818.259765,2793022000.000000,7759.472149,128874.745706,0.049057,0.174057
16384,0.700000,0.050000,42933,57398,0.093265,0.000000,34073000.000000,94.660369,10564082.998268,112.692080,6468300.000000,8873738.076465,2751527200.000000,7644.192805,130818.259765,2792068500.000000,7756.823170,128918.756828,0.031914,0.156914
16384,0.700000,0.100000,42933,57398,0.143631,0.000000,34073000.000000,94.660369,10564082.998268,103.047144,5914700.000000,9704296.075879,2751527200.000000,7644.192805,130818.259765,2791514900.000000,7755.285178,128944.323385,0.024529,0.149529
16384,0.700000,0.200000,42933,57398,0.241325,0.000000,34073000.000000,94.660369,10564082.998268,96.776891,5554800.000000,10333045.294160,2751527200.000000,7644.192805,130818.259765,2791155000.000000,7754.285317,128960.949858,0.017151,0.142151
16384,0.700000,0.001000,42933,57398,0.044748,0.000000,34073000.000000,94.660369,10564082.998268,149.958187,8607300.000000,6668525.553890,2751527200.000000,7644.192805,130818.259765,2794207500.000000,7762.765662,128820.067944,0.073586,0.198586
16384,0.800000,0.010000,67629,82422,0.032124,0.000000,34073000.000000,94.660369,10564082.998268,132.982699,10960700.000000,7519775.196840,2751527200.000000,7644.192805,130818.259765,2796560900.000000,7769.303792,128711.661527,0.077278,0.202278
16384,0.800000,0.050000,67629,82422,0.071320,0.000000,34073000.000000,94.660369,10564082.998268,113.722064,9373200.000000,8793368.326719,2751527200.000000,7644.192805,130818.259765,2794973400.000000,7764.893457,128784.767683,0.050270,0.175270
16384,0.800000,0.100000,67629,82422,0.119638,0.000000,34073000.000000,94.660369,10564082.998268,104.006212,8572400.000000,9614810.321497,2751527200.000000,7644.192805,130818.259765,2794172600.000000,7762.668704,128821.676943,0.038643,0.163643
16384,0.800000,0.200000,67629,82422,0.222421,0.000000,34073000.000000,94.660369,10564082.998268,93.125622,7675600.000000,10738183.334202,2751527200.000000,7644.192805,130818.259765,2793275800.000000,7760.177247,128863.036010,0.027008,0.152008
16384,0.800000,0.001000,67629,82422,0.023002,0.000000,34073000.000000,94.660369,10564082.998268,154.810609,12759800.000000,6459505.634885,2751527200.000000,7644.192805,130818.259765,2798360000.000000,7774.301986,128628.911219,0.115913,0.240913
16384,0.900000,0.010000,107883,122890,0.016657,0.000000,34073000.000000,94.660369,10564082.998268,133.316787,16383300.000000,7500930.825902,2751527200.000000,7644.192805,130818.259765,2801983500.000000,7784.368662,128462.569462,0.123276,0.248276
16384,0.900000,0.050000,107883,122890,0.059819,0.000000,34073000.000000,94.660369,10564082.998268,113.167060,13907100.000000,8836493.589605,2751527200.000000,7644.192805,130818.259765,2799507300.000000,7777.489374,128576.196247,0.080193,0.205193
16384,0.900000,0.100000,107883,122890,0.107872,0.000000,34073000.000000,94.660369,10564082.998268,105.014240,12905200.000000,9522518.054738,2751527200.000000,7644.192805,130818.259765,2798505400.000000,7774.705931,128622.228136,0.061638,0.186638
16384,0.900000,0.200000,107883,122890,0.218455,0.000000,34073000.000000,94.660369,10564082.998268,98.807063,12142400.000000,10120733.957043,2751527200.000000,7644.192805,130818.259765,2797742600.000000,7772.586748,128657.296779,0.043083,0.168083
16384,0.900000,0.001000,107883,122890,0.010311,0.000000,34073000.000000,94.660369,10564082.998268,171.769875,21108800.000000,5821742.590768,2751527200.000000,7644.192805,130818.259765,2806709000.000000,7797.496875,128246.284171,0.184906,0.309906
16384,0.950000,0.010000,148449,163523,0.012757,0.000000,34073000.000000,94.660369,10564082.998268,140.407771,22959900.000000,7122112.901189,2751527200.000000,7644.192805,130818.259765,2808560100.000000,7802.639533,128161.758048,0.169624,0.294624
16384,0.950000,0.050000,148449,163523,0.051887,0.000000,34073000.000000,94.660369,10564082.998268,117.225711,19169100.000000,8530551.773427,2751527200.000000,7644.192805,130818.259765,2804769300.000000,7792.108071,128334.975714,0.110344,0.235344
16384,0.950000,0.100000,148449,163523,0.100800,0.000000,34073000.000000,94.660369,10564082.998268,105.306287,17220000.000000,9496109.175377,2751527200.000000,7644.192805,130818.259765,2802820200.000000,7786.693152,128424.220719,0.084816,0.209816
16384,0.950000,0.200000,148449,163523,0.209201,0.000000,34073000.000000,94.660369,10564082.998268,93.865695,15349200.000000,10653519.401663,2751527200.000000,7644.192805,130818.259765,2800949400.000000,7781.495763,128509.997360,0.059280,0.184280
16384,0.950000,0.001000,148449,163523,0.004362,0.000000,34073000.000000,94.660369,10564082.998268,167.672438,27418300.000000,5964009.438951,2751527200.000000,7644.192805,130818.259765,2813018500.000000,7815.025698,127958.632337,0.254440,0.379440
16384,0.990000,0.010000,239654,254775,0.010576,0.000000,34073000.000000,94.660369,10564082.998268,139.227161,35471600.000000,7182506.568635,2751527200.000000,7644.192805,130818.259765,2821071800.000000,7837.399083,127593.349450,0.273842,0.398842
16384,0.990000,0.050000,239654,254775,0.051887,0.000000,34073000.000000,94.660369,10564082.998268,116.124031,29585500.000000,8611481.975968,2751527200.000000,7644.192805,130818.259765,2815185700.000000,7821.046534,127860.126598,0.178139,0.303139
16384,0.990000,0.100000,239654,254775,0.105757,0.000000,34073000.000000,94.660369,10564082.998268,106.995584,27259800.000000,9346180.089362,2751527200.000000,7644.192805,130818.259765,2812860000.000000,7814.585359,127965.842594,0.136925,0.261925
16384,0.990000,0.200000,239654,254775,0.205433,0.000000,34073000.000000,94.660369,10564082.998268,96.455304,24574400.000000,10367496.256267,2751527200.000000,7644.192805,130818.259765,2810174600.000000,7807.124878,128088.126624,0.095703,0.220703
16384,0.990000,0.001000,239654,254775,0.001388,0.000000,34073000.000000,94.660369,10564082.998268,171.739378,43754900.000000,5822776.420469,2751527200.000000,7644.192805,130818.259765,2829355100.000000,7860.411446,127219.803552,0.410759,0.535759
